{"cameraMode":{"drawMode":0,"name":"Shaded","section":"Shading Mode"},"sceneLighting":true,"audioPlay":false,"sceneViewState":{"showFog":true,"showMaterialUpdate":false,"showSkybox":true,"showFlares":true,"showImageEffects":true,"showParticleSystems":true},"in2DMode":false,"pivot":{"x":-5.2577009201049809,"y":21.73434829711914,"z":-2.67397403717041},"rotation":{"x":-0.572052538394928,"y":-0.004914231598377228,"z":0.0034221059177070858,"w":-0.8202114105224609},"size":31.90170669555664,"orthographic":true}